,precision,recall,f1-score,support
AppleiCloud,0.9904153354632588,0.998389694041868,0.9943865276663993,621.0
AppleiTunes,0.9391891891891891,0.9928571428571429,0.9652777777777778,140.0
Dropbox,0.9887096774193549,0.9967479674796748,0.9927125506072875,1845.0
FTP_DATA,0.9411764705882353,1.0,0.9696969696969697,32.0
Facebook,1.0,0.004,0.00796812749003984,2000.0
GMail,0.9757820383451059,0.967,0.9713711702661978,2000.0
Github,0.9963154016212233,1.0,0.9981543004798819,1352.0
GoogleDrive,0.9630753667172484,0.952,0.957505657530802,2000.0
GoogleHangoutDuo,1.0,1.0,1.0,1960.0
GoogleServices,0.9741424802110817,0.9579657498702646,0.9659863945578231,1927.0
Instagram,0.7067375886524823,0.9965,0.8269709543568464,2000.0
MS_OneDrive,0.9935553168635876,1.0,0.9967672413793104,925.0
NetFlix,0.8494318181818182,0.9707792207792207,0.9060606060606061,308.0
Skype,0.9318290926548247,0.9842799188640974,0.9573366214549939,1972.0
Snapchat,0.9722222222222222,0.875,0.9210526315789473,40.0
SoundCloud,0.5,0.8055555555555556,0.6170212765957447,36.0
Spotify,0.9845559845559846,0.9986945169712794,0.9915748541801686,766.0
Steam,0.991869918699187,0.9384615384615385,0.9644268774703556,130.0
TeamViewer,1.0,0.9910313901345291,0.9954954954954954,223.0
Telegram,0.9965034965034965,1.0,0.9982486865148862,285.0
Twitter,0.9934010152284264,0.9984693877551021,0.9959287531806617,1960.0
WhatsApp,0.7114371708051166,0.9963119072708114,0.8301141352063213,1898.0
Wikipedia,1.0,1.0,1.0,272.0
YouTube,0.8690858980248047,0.9823468328141225,0.9222520107238605,1926.0
eBay,0.9099099099099099,0.9711538461538461,0.9395348837209302,104.0
accuracy,0.9116832572412245,0.9116832572412245,0.9116832572412245,0.9116832572412245
macro avg,0.9271738156742623,0.9351017867603622,0.9074337801596922,26722.0
weighted avg,0.9310419201244127,0.9116832572412245,0.8804278624329981,26722.0
