,precision,recall,f1-score,support
AppleiCloud,0.9904306220095693,1.0,0.9951923076923077,621.0
AppleiTunes,0.9779411764705882,0.95,0.963768115942029,140.0
Dropbox,0.9848975188781014,0.9897018970189702,0.987293863206272,1845.0
FTP_DATA,1.0,0.9375,0.967741935483871,32.0
Facebook,0.960482985729967,0.875,0.9157509157509157,2000.0
GMail,0.9633118492811106,0.9715,0.9673885984565597,2000.0
Github,0.9955817378497791,1.0,0.9977859778597786,1352.0
GoogleDrive,0.9582494969818913,0.9525,0.9553660982948847,2000.0
GoogleHangoutDuo,0.9994900560938297,1.0,0.9997449630196378,1960.0
GoogleServices,0.9785123966942149,0.9216398546964193,0.9492250133618386,1927.0
Instagram,0.9673011224987799,0.991,0.979007162262287,2000.0
MS_OneDrive,0.9978425026968716,1.0,0.9989200863930885,925.0
NetFlix,0.976271186440678,0.935064935064935,0.955223880597015,308.0
Skype,0.9609297725024728,0.9852941176470589,0.9729594391587381,1972.0
Snapchat,0.8108108108108109,0.75,0.7792207792207791,40.0
SoundCloud,0.7941176470588235,0.75,0.7714285714285715,36.0
Spotify,0.9909326424870466,0.9986945169712794,0.9947984395318594,766.0
Steam,0.983739837398374,0.9307692307692308,0.9565217391304349,130.0
TeamViewer,0.9910313901345291,0.9910313901345291,0.9910313901345291,223.0
Telegram,0.9929577464788732,0.9894736842105263,0.9912126537785588,285.0
Twitter,0.9969199178644764,0.9908163265306122,0.9938587512794269,1960.0
WhatsApp,0.9,0.9673340358271865,0.9324530218384967,1898.0
Wikipedia,1.0,0.9963235294117647,0.998158379373849,272.0
YouTube,0.932296890672016,0.9652128764278297,0.948469387755102,1926.0
eBay,0.9789473684210527,0.8942307692307693,0.9346733668341709,104.0
accuracy,0.9685278048050295,0.9685278048050295,0.9685278048050295,0.9685278048050295
macro avg,0.9633198670181542,0.9493234865576445,0.9558877935114002,26722.0
weighted avg,0.9689618051519928,0.9685278048050295,0.968380259068568,26722.0
