,precision,recall,f1-score,support
AppleiCloud,0.9904306220095693,1.0,0.9951923076923077,621.0
AppleiTunes,0.9851851851851852,0.95,0.9672727272727272,140.0
Dropbox,0.9886302111532215,0.9897018970189702,0.9891657638136512,1845.0
FTP_DATA,0.967741935483871,0.9375,0.9523809523809523,32.0
Facebook,0.974972191323693,0.8765,0.923117430226435,2000.0
GMail,0.9714285714285714,0.952,0.9616161616161616,2000.0
Github,0.9977843426883308,0.9992603550295858,0.9985218033998522,1352.0
GoogleDrive,0.9579789894947474,0.9575,0.9577394348587147,2000.0
GoogleHangoutDuo,0.9994900560938297,1.0,0.9997449630196378,1960.0
GoogleServices,0.9628032345013477,0.926829268292683,0.9444738233738763,1927.0
Instagram,0.9624756335282652,0.9875,0.9748272458045409,2000.0
MS_OneDrive,0.9924892703862661,1.0,0.996230479267636,925.0
NetFlix,0.9668874172185431,0.948051948051948,0.957377049180328,308.0
Skype,0.9707070707070707,0.9746450304259635,0.972672064777328,1972.0
Snapchat,0.8571428571428571,0.75,0.7999999999999999,40.0
SoundCloud,0.7916666666666666,0.5277777777777778,0.6333333333333333,36.0
Spotify,0.9870967741935484,0.9986945169712794,0.9928617780661908,766.0
Steam,0.983739837398374,0.9307692307692308,0.9565217391304349,130.0
TeamViewer,0.9866666666666667,0.9955156950672646,0.9910714285714286,223.0
Telegram,0.9827586206896551,1.0,0.9913043478260869,285.0
Twitter,0.9923391215526047,0.9913265306122448,0.9918325676365493,1960.0
WhatsApp,0.9047619047619048,0.9810326659641728,0.9413549039433772,1898.0
Wikipedia,0.9963369963369964,1.0,0.998165137614679,272.0
YouTube,0.9300492610837439,0.980269989615784,0.9544994944388271,1926.0
eBay,0.9795918367346939,0.9230769230769231,0.9504950495049506,104.0
accuracy,0.9690891400344286,0.9690891400344286,0.9690891400344286,0.9690891400344286
macro avg,0.9632462109772091,0.9431180731469532,0.9516708794700003,26722.0
weighted avg,0.9695524052294258,0.9690891400344286,0.9688694693172408,26722.0
