,precision,recall,f1-score,support
AppleiCloud,0.9825119236883942,0.9951690821256038,0.9887999999999999,621.0
AppleiTunes,0.9481481481481482,0.9142857142857143,0.930909090909091,140.0
Dropbox,0.9918166939443536,0.9853658536585366,0.9885807504078303,1845.0
FTP_DATA,1.0,0.9375,0.967741935483871,32.0
Facebook,0.958041958041958,0.8905,0.9230370562321845,2000.0
GMail,0.976482617586912,0.955,0.9656218402426693,2000.0
Github,0.9926416482707874,0.9977810650887574,0.9952047215049796,1352.0
GoogleDrive,0.9586693548387096,0.951,0.9548192771084336,2000.0
GoogleHangoutDuo,0.9994900560938297,1.0,0.9997449630196378,1960.0
GoogleServices,0.9366160293347302,0.9278671510119356,0.9322210636079248,1927.0
Instagram,0.9631782945736435,0.994,0.9783464566929133,2000.0
MS_OneDrive,0.9946236559139785,1.0,0.9973045822102425,925.0
NetFlix,0.944078947368421,0.9318181818181818,0.937908496732026,308.0
Skype,0.9682619647355164,0.9746450304259635,0.9714430123831186,1972.0
Snapchat,0.8947368421052632,0.85,0.8717948717948718,40.0
SoundCloud,0.6363636363636364,0.3888888888888889,0.4827586206896552,36.0
Spotify,0.9896238651102465,0.9960835509138382,0.992843201040989,766.0
Steam,0.984,0.9461538461538461,0.9647058823529412,130.0
TeamViewer,0.9910313901345291,0.9910313901345291,0.9910313901345291,223.0
Telegram,0.979381443298969,1.0,0.9895833333333333,285.0
Twitter,0.9948927477017364,0.9938775510204082,0.9943848902501277,1960.0
WhatsApp,0.9216380182002022,0.9604847207586934,0.9406604747162022,1898.0
Wikipedia,1.0,0.9963235294117647,0.998158379373849,272.0
YouTube,0.9205166418281172,0.9620976116303219,0.9408479309469409,1926.0
eBay,0.9893617021276596,0.8942307692307693,0.9393939393939394,104.0
accuracy,0.9667689544195793,0.9667689544195793,0.9667689544195793,0.9667689544195793
macro avg,0.9566443031763896,0.93736415746231,0.9455138464224919,26722.0
weighted avg,0.9668256629179316,0.9667689544195793,0.9665535804937023,26722.0
