,precision,recall,f1-score,support
AppleiCloud,0.9967845659163987,0.998389694041868,0.9975864843121481,621.0
AppleiTunes,0.9455782312925171,0.9928571428571429,0.9686411149825784,140.0
Dropbox,0.995119305856833,0.994579945799458,0.9948495527243155,1845.0
FTP_DATA,1.0,0.96875,0.9841269841269841,32.0
Facebook,0.9517876489707475,0.8785,0.9136765470618824,2000.0
GMail,0.9271028037383178,0.992,0.9584541062801932,2000.0
Github,0.9955784819454679,0.9992603550295858,0.9974160206718345,1352.0
GoogleDrive,1.0,0.7595,0.8633134413185564,2000.0
GoogleHangoutDuo,1.0,1.0,1.0,1960.0
GoogleServices,0.8725305738476011,0.9626362221069019,0.915371329879102,1927.0
Instagram,0.9624756335282652,0.9875,0.9748272458045409,2000.0
MS_OneDrive,0.9956942949407965,1.0,0.9978425026968716,925.0
NetFlix,0.9966329966329966,0.961038961038961,0.9785123966942149,308.0
Skype,0.9770344483275087,0.992393509127789,0.9846540880503145,1972.0
Snapchat,0.9714285714285714,0.85,0.9066666666666667,40.0
SoundCloud,0.8,0.5555555555555556,0.6557377049180328,36.0
Spotify,0.9922279792746114,1.0,0.9960988296488946,766.0
Steam,0.968503937007874,0.9461538461538461,0.9571984435797665,130.0
TeamViewer,1.0,0.9910313901345291,0.9954954954954954,223.0
Telegram,0.9965034965034965,1.0,0.9982486865148862,285.0
Twitter,0.99846547314578,0.9959183673469387,0.9971902937420178,1960.0
WhatsApp,0.9164164164164165,0.9646996838777661,0.9399383983572895,1898.0
Wikipedia,1.0,1.0,1.0,272.0
YouTube,0.9177615571776155,0.9792315680166147,0.9475006279829188,1926.0
eBay,0.970873786407767,0.9615384615384616,0.966183574879227,104.0
accuracy,0.9615298256118554,0.9615298256118554,0.9615298256118554,0.9615298256118554
macro avg,0.9659400080943834,0.9492613881050167,0.9555812214555494,26722.0
weighted avg,0.9633161890130155,0.9615298256118554,0.9606644934122662,26722.0
