,precision,recall,f1-score,support
AppleiCloud,0.9967845659163987,0.998389694041868,0.9975864843121481,621.0
AppleiTunes,0.9716312056737588,0.9785714285714285,0.9750889679715302,140.0
Dropbox,0.9951377633711507,0.9983739837398374,0.9967532467532467,1845.0
FTP_DATA,1.0,0.96875,0.9841269841269841,32.0
Facebook,0.9517353579175705,0.8775,0.9131113423517169,2000.0
GMail,0.9334591788579518,0.989,0.960427288176742,2000.0
Github,0.9977843426883308,0.9992603550295858,0.9985218033998522,1352.0
GoogleDrive,0.9993880048959608,0.8165,0.89873417721519,2000.0
GoogleHangoutDuo,1.0,1.0,1.0,1960.0
GoogleServices,0.9123408423114594,0.9667877529839128,0.9387755102040817,1927.0
Instagram,0.9681996086105675,0.9895,0.9787339268051434,2000.0
MS_OneDrive,1.0,1.0,1.0,925.0
NetFlix,0.9966329966329966,0.961038961038961,0.9785123966942149,308.0
Skype,0.9819909954977488,0.9954361054766734,0.9886678418534374,1972.0
Snapchat,1.0,0.85,0.9189189189189189,40.0
SoundCloud,0.8823529411764706,0.8333333333333334,0.8571428571428571,36.0
Spotify,0.993514915693904,1.0,0.9967469095640858,766.0
Steam,0.9461538461538461,0.9461538461538461,0.9461538461538461,130.0
TeamViewer,1.0,0.9910313901345291,0.9954954954954954,223.0
Telegram,1.0,1.0,1.0,285.0
Twitter,0.9989769820971867,0.9964285714285714,0.9977011494252873,1960.0
WhatsApp,0.9154577288644322,0.964172813487882,0.939183987682833,1898.0
Wikipedia,1.0,1.0,1.0,272.0
YouTube,0.9289883268482491,0.9916926272066459,0.9593169261677548,1926.0
eBay,0.9803921568627451,0.9615384615384616,0.970873786407767,104.0
accuracy,0.9676296684379911,0.9676296684379911,0.9676296684379911,0.9676296684379911
macro avg,0.9740368704028292,0.9629383729666213,0.9676229538729254,26722.0
weighted avg,0.9687404605257139,0.9676296684379911,0.9671201214997559,26722.0
