,precision,recall,f1-score,support
AppleiCloud,0.9920127795527156,1.0,0.9959903769045709,621.0
AppleiTunes,0.9507042253521126,0.9642857142857143,0.9574468085106383,140.0
Dropbox,0.9860664523043944,0.997289972899729,0.9916464564807329,1845.0
FTP_DATA,1.0,1.0,1.0,32.0
Facebook,0.0,0.0,0.0,2000.0
GMail,0.970970970970971,0.97,0.9704852426213108,2000.0
Github,0.9955784819454679,0.9992603550295858,0.9974160206718345,1352.0
GoogleDrive,0.9730142566191446,0.9555,0.9641775983854692,2000.0
GoogleHangoutDuo,1.0,1.0,1.0,1960.0
GoogleServices,0.9694897422409259,0.9564089257913856,0.9629049111807734,1927.0
Instagram,0.7047383309759547,0.9965,0.8256006628003314,2000.0
MS_OneDrive,0.9903640256959315,1.0,0.9951586874663797,925.0
NetFlix,0.9867986798679867,0.9707792207792207,0.978723404255319,308.0
Skype,0.8365425759520753,0.9913793103448276,0.9074031097702483,1972.0
Snapchat,0.9722222222222222,0.875,0.9210526315789473,40.0
SoundCloud,0.7647058823529411,0.7222222222222222,0.7428571428571428,36.0
Spotify,0.9922279792746114,1.0,0.9960988296488946,766.0
Steam,0.9838709677419355,0.9384615384615385,0.9606299212598426,130.0
TeamViewer,1.0,0.9910313901345291,0.9954954954954954,223.0
Telegram,0.9965034965034965,1.0,0.9982486865148862,285.0
Twitter,0.996417604912999,0.9933673469387755,0.9948901379662749,1960.0
WhatsApp,0.7932914046121593,0.9968387776606955,0.8834928788232548,1898.0
Wikipedia,1.0,1.0,1.0,272.0
YouTube,0.8372195336559612,0.9880581516095535,0.9064062872112407,1926.0
eBay,0.8632478632478633,0.9711538461538461,0.9140271493212669,104.0
accuracy,0.9121697477733702,0.9121697477733702,0.9121697477733702,0.9121697477733702
macro avg,0.9022394990400747,0.9311014708924651,0.9144060975889942,26722.0
weighted avg,0.8545793583335752,0.9121697477733702,0.8797128007521827,26722.0
