,precision,recall,f1-score,support
AppleiCloud,0.9935691318327974,0.9951690821256038,0.994368463395012,621.0
AppleiTunes,0.9621212121212122,0.9071428571428571,0.9338235294117646,140.0
Dropbox,0.9896288209606987,0.9826558265582656,0.9861299972803915,1845.0
FTP_DATA,0.967741935483871,0.9375,0.9523809523809523,32.0
Facebook,0.9300880372863801,0.898,0.9137624014245739,2000.0
GMail,0.9594059405940594,0.969,0.9641791044776119,2000.0
Github,0.9940959409594096,0.996301775147929,0.9951976357591429,1352.0
GoogleDrive,0.9407699901283317,0.953,0.9468455042225534,2000.0
GoogleHangoutDuo,1.0,1.0,1.0,1960.0
GoogleServices,0.9566596194503171,0.9392838609237156,0.9478921183555904,1927.0
Instagram,0.9603673272112131,0.9935,0.9766527402310151,2000.0
MS_OneDrive,0.9798515376458112,0.9989189189189189,0.9892933618843683,925.0
NetFlix,0.9755244755244755,0.9058441558441559,0.9393939393939394,308.0
Skype,0.950990099009901,0.9741379310344828,0.9624248496993988,1972.0
Snapchat,1.0,0.625,0.7692307692307693,40.0
SoundCloud,0.76,0.5277777777777778,0.6229508196721312,36.0
Spotify,0.9896507115135834,0.9986945169712794,0.9941520467836258,766.0
Steam,0.9918032786885246,0.9307692307692308,0.9603174603174605,130.0
TeamViewer,0.9910313901345291,0.9910313901345291,0.9910313901345291,223.0
Telegram,0.979381443298969,1.0,0.9895833333333333,285.0
Twitter,0.9933127572016461,0.985204081632653,0.9892418032786885,1960.0
WhatsApp,0.9264319495533369,0.928872497365648,0.9276506182583532,1898.0
Wikipedia,1.0,1.0,1.0,272.0
YouTube,0.9482217573221757,0.9413291796469366,0.9447628973423657,1926.0
eBay,0.911504424778761,0.9903846153846154,0.9493087557603687,104.0
accuracy,0.9645236135019833,0.9645236135019833,0.9645236135019833,0.9645236135019833
macro avg,0.9620860712280003,0.934780707895144,0.9456229796811177,26722.0
weighted avg,0.964459972466076,0.9645236135019833,0.9642974015819606,26722.0
