,precision,recall,f1-score,support
AppleiCloud,0.9904306220095693,1.0,0.9951923076923077,621.0
AppleiTunes,0.81875,0.9357142857142857,0.8733333333333334,140.0
Dropbox,0.9801927194860813,0.9924119241192412,0.9862644761648263,1845.0
FTP_DATA,0.9655172413793104,0.875,0.9180327868852458,32.0
Facebook,0.9505376344086022,0.884,0.9160621761658032,2000.0
GMail,0.956436612824278,0.977,0.9666089537472176,2000.0
Github,0.974025974025974,0.9985207100591716,0.9861212563915266,1352.0
GoogleDrive,0.9669211195928753,0.95,0.9583858764186632,2000.0
GoogleHangoutDuo,1.0,1.0,1.0,1960.0
GoogleServices,0.9395691014188124,0.9278671510119356,0.9336814621409922,1927.0
Instagram,0.9583333333333334,0.989,0.9734251968503937,2000.0
MS_OneDrive,0.9882478632478633,1.0,0.9940891993551854,925.0
NetFlix,0.992619926199262,0.8733766233766234,0.9291882556131261,308.0
Skype,0.9466600199401795,0.9629817444219066,0.9547511312217194,1972.0
Snapchat,0.9714285714285714,0.85,0.9066666666666667,40.0
SoundCloud,0.6842105263157895,0.3611111111111111,0.4727272727272728,36.0
Spotify,0.9858429858429858,1.0,0.9928710304601426,766.0
Steam,0.9917355371900827,0.9230769230769231,0.9561752988047809,130.0
TeamViewer,0.9866071428571429,0.9910313901345291,0.9888143176733781,223.0
Telegram,0.9759450171821306,0.9964912280701754,0.9861111111111109,285.0
Twitter,0.9928461931527849,0.9913265306122448,0.9920857799336227,1960.0
WhatsApp,0.9160382101558572,0.9599578503688093,0.9374839207615128,1898.0
Wikipedia,0.9963369963369964,1.0,0.998165137614679,272.0
YouTube,0.953475935828877,0.9257528556593977,0.9394099051633298,1926.0
eBay,0.9318181818181818,0.7884615384615384,0.8541666666666667,104.0
accuracy,0.9633260983459322,0.9633260983459322,0.9633260983459322,0.9633260983459322
macro avg,0.9525810986390216,0.9261232746479158,0.9363925407825401,26722.0
weighted avg,0.9633354067995799,0.9633260983459322,0.962965226684191,26722.0
