,precision,recall,f1-score,support
AppleiCloud,0.9809523809523809,0.9951690821256038,0.988009592326139,621.0
AppleiTunes,0.9672131147540983,0.8428571428571429,0.9007633587786259,140.0
Dropbox,0.987465940054496,0.9821138211382113,0.9847826086956522,1845.0
FTP_DATA,0.8484848484848485,0.875,0.8615384615384615,32.0
Facebook,0.9055,0.9055,0.9055,2000.0
GMail,0.9650698602794411,0.967,0.9660339660339661,2000.0
Github,0.9882783882783883,0.9977810650887574,0.993006993006993,1352.0
GoogleDrive,0.9549774887443722,0.9545,0.9547386846711678,2000.0
GoogleHangoutDuo,0.9989806320081549,1.0,0.9994900560938297,1960.0
GoogleServices,0.8971774193548387,0.9237156201349248,0.9102531321912554,1927.0
Instagram,0.9661930426261637,0.986,0.9759960405840139,2000.0
MS_OneDrive,0.9946062567421791,0.9967567567567568,0.9956803455723541,925.0
NetFlix,0.9777777777777777,0.8571428571428571,0.9134948096885812,308.0
Skype,0.9506545820745217,0.9574036511156186,0.9540171803941385,1972.0
Snapchat,0.9375,0.75,0.8333333333333334,40.0
SoundCloud,0.75,0.25,0.375,36.0
Spotify,0.9858429858429858,1.0,0.9928710304601426,766.0
Steam,0.9916666666666667,0.9153846153846154,0.9520000000000001,130.0
TeamViewer,0.9910313901345291,0.9910313901345291,0.9910313901345291,223.0
Telegram,0.9653979238754326,0.9789473684210527,0.9721254355400698,285.0
Twitter,0.9857723577235772,0.9897959183673469,0.9877800407331976,1960.0
WhatsApp,0.9347229840921558,0.8977871443624869,0.9158828271969902,1898.0
Wikipedia,0.9963235294117647,0.9963235294117647,0.9963235294117647,272.0
YouTube,0.9297435897435897,0.9413291796469366,0.9355005159958721,1926.0
eBay,0.9285714285714286,0.875,0.900990099009901,104.0
accuracy,0.9583115036299679,0.9583115036299679,0.9583115036299679,0.9583115036299679
macro avg,0.9511961835277516,0.9130615656835442,0.9262457372556392,26722.0
weighted avg,0.9582047428207761,0.9583115036299679,0.9579386814687882,26722.0
