,precision,recall,f1-score,support
AppleiCloud,0.9758842443729904,0.9774557165861514,0.9766693483507642,621.0
AppleiTunes,0.7971014492753623,0.7857142857142857,0.7913669064748201,140.0
Dropbox,0.9526813880126183,0.9821138211382113,0.967173738991193,1845.0
FTP_DATA,0.9310344827586207,0.84375,0.8852459016393444,32.0
Facebook,0.9216614090431126,0.8765,0.8985135827780625,2000.0
GMail,0.9246607393542349,0.988,0.9552816050277978,2000.0
Github,0.9754157628344179,0.9977810650887574,0.9864716636197441,1352.0
GoogleDrive,0.9481058640373637,0.9135,0.9304812834224597,2000.0
GoogleHangoutDuo,1.0,1.0,1.0,1960.0
GoogleServices,0.8832823649337411,0.8993253762324858,0.8912316790948831,1927.0
Instagram,0.9584364176150421,0.9685,0.963441929868192,2000.0
MS_OneDrive,0.9787460148777896,0.9956756756756757,0.9871382636655949,925.0
NetFlix,0.8698884758364313,0.7597402597402597,0.8110918544194107,308.0
Skype,0.8938938938938938,0.9056795131845842,0.8997481108312341,1972.0
Snapchat,0.8125,0.325,0.46428571428571436,40.0
SoundCloud,0.5714285714285714,0.2222222222222222,0.32,36.0
Spotify,0.9870801033591732,0.9973890339425587,0.9922077922077922,766.0
Steam,0.9758064516129032,0.9307692307692308,0.952755905511811,130.0
TeamViewer,1.0,0.9910313901345291,0.9954954954954954,223.0
Telegram,0.9620689655172414,0.9789473684210527,0.9704347826086956,285.0
Twitter,0.9609022556390977,0.9780612244897959,0.9694058154235146,1960.0
WhatsApp,0.910880829015544,0.9262381454162276,0.9184952978056428,1898.0
Wikipedia,0.9783393501805054,0.9963235294117647,0.9872495446265939,272.0
YouTube,0.8960751796572692,0.8416407061266874,0.8680053547523428,1926.0
eBay,0.8518518518518519,0.6634615384615384,0.7459459459459459,104.0
accuracy,0.9383279694633635,0.9383279694633635,0.9383279694633635,0.9383279694633635
macro avg,0.916709042604311,0.8697928041102407,0.8851255006738818,26722.0
weighted avg,0.9375679347636926,0.9383279694633635,0.9373406616664339,26722.0
