,precision,recall,f1-score,support
AppleiCloud,0.9936,1.0,0.9967897271268058,621.0
AppleiTunes,0.9855072463768116,0.9714285714285714,0.9784172661870504,140.0
Dropbox,0.9897574123989218,0.9951219512195122,0.9924324324324324,1845.0
FTP_DATA,1.0,0.96875,0.9841269841269841,32.0
Facebook,0.9396825396825397,0.888,0.9131105398457583,2000.0
GMail,0.9707486365889936,0.979,0.974856858352004,2000.0
Github,0.9955719557195571,0.9977810650887574,0.9966752862947913,1352.0
GoogleDrive,0.975050916496945,0.9575,0.9661957618567103,2000.0
GoogleHangoutDuo,1.0,1.0,1.0,1960.0
GoogleServices,0.973186119873817,0.9605604566683965,0.9668320710368242,1927.0
Instagram,0.9661930426261637,0.986,0.9759960405840139,2000.0
MS_OneDrive,0.9914255091103966,1.0,0.9956942949407966,925.0
NetFlix,0.9731543624161074,0.9415584415584416,0.9570957095709572,308.0
Skype,0.9768261964735516,0.9832657200811359,0.9800353803386403,1972.0
Snapchat,0.9705882352941176,0.825,0.8918918918918919,40.0
SoundCloud,0.7333333333333333,0.6111111111111112,0.6666666666666666,36.0
Spotify,0.9922279792746114,1.0,0.9960988296488946,766.0
Steam,0.991869918699187,0.9384615384615385,0.9644268774703556,130.0
TeamViewer,0.9955156950672646,0.9955156950672646,0.9955156950672646,223.0
Telegram,0.9726962457337884,1.0,0.986159169550173,285.0
Twitter,0.9964139344262295,0.9923469387755102,0.9943762781186093,1960.0
WhatsApp,0.9184921039225675,0.9499473129610115,0.9339549339549339,1898.0
Wikipedia,0.9890909090909091,1.0,0.9945155393053016,272.0
YouTube,0.9547534316217591,0.9750778816199377,0.9648086308759312,1926.0
eBay,0.9895833333333334,0.9134615384615384,0.95,104.0
accuracy,0.9730559089888482,0.9730559089888482,0.9730559089888482,0.9730559089888482
macro avg,0.9694107623024363,0.9531955289001093,0.9606669146097515,26722.0
weighted avg,0.973033424004541,0.9730559089888482,0.9729110042612795,26722.0
